link,title
/sfc/npo/5406270729.html,
/sfc/npo/5406270141.html,
/sfc/npo/5406004021.html,
/sfc/npo/5405843467.html,
/sfc/npo/5405020822.html,
/sfc/npo/5404904729.html,
/sfc/npo/5404827358.html,
/sfc/npo/5404820101.html,
/sfc/npo/5404800963.html,
/sfc/npo/5404791153.html,
/sfc/npo/5404784826.html,
/sfc/npo/5404780611.html,
/sfc/npo/5404780262.html,
/sfc/npo/5404778917.html,
/sfc/npo/5404777601.html,
/sfc/npo/5404775749.html,
/sfc/npo/5404755779.html,
/sfc/npo/5404736997.html,
/sfc/npo/5404709045.html,
/sfc/npo/5404570881.html,
/sfc/npo/5404495673.html,
/sfc/npo/5404468127.html,
/sfc/npo/5404436444.html,
/sfc/npo/5404376280.html,
/sfc/npo/5404375383.html,
/sfc/npo/5404328360.html,
/sfc/npo/5404327120.html,
/sfc/npo/5404303055.html,
/sfc/npo/5404266380.html,
/sfc/npo/5404264265.html,
/sfc/npo/5404227005.html,
/sfc/npo/5404225602.html,
/sfc/npo/5404224325.html,
/sfc/npo/5404223280.html,
/sfc/npo/5404220945.html,
/sfc/npo/5404220439.html,
/sfc/npo/5404219918.html,
/sfc/npo/5404218936.html,
/sfc/npo/5404205146.html,
/sfc/npo/5404189854.html,
/sfc/npo/5404071818.html,
/sfc/npo/5403590105.html,
/sfc/npo/5403437602.html,
/sfc/npo/5403352640.html,
/sfc/npo/5403338727.html,
/sfc/npo/5403319716.html,
/sfc/npo/5403286364.html,
/sfc/npo/5403235488.html,
/sfc/npo/5403147693.html,
/sfc/npo/5403073587.html,
/sfc/npo/5402716079.html,
/sfc/npo/5402673032.html,
/sfc/npo/5402609497.html,
/sfc/npo/5402608725.html,
/sfc/npo/5402487545.html,
/sfc/npo/5401816498.html,
/sfc/npo/5401804486.html,
/sfc/npo/5401730894.html,
/sfc/npo/5401696970.html,
/sfc/npo/5401681690.html,
/sfc/npo/5401646849.html,
/sfc/npo/5401545839.html,
/sfc/npo/5401503263.html,
/sfc/npo/5401491408.html,
/sfc/npo/5401444755.html,
/sfc/npo/5401375809.html,
/sfc/npo/5401334162.html,
/sfc/npo/5401308831.html,
/sfc/npo/5401298872.html,
/sfc/npo/5401259136.html,
/sfc/npo/5401188907.html,
/sfc/npo/5401090772.html,
/sfc/npo/5401001350.html,
/sfc/npo/5400352093.html,
/sfc/npo/5400346135.html,
/sfc/npo/5400275886.html,
/sfc/npo/5400274389.html,
/sfc/npo/5400267255.html,
/sfc/npo/5400253918.html,
/sfc/npo/5400252252.html,
/sfc/npo/5400227437.html,
/sfc/npo/5400202052.html,
/sfc/npo/5400201177.html,
/sfc/npo/5400180442.html,
/sfc/npo/5400173090.html,
/sfc/npo/5400167124.html,
/sfc/npo/5400017029.html,
/sfc/npo/5400004900.html,
/sfc/npo/5400003636.html,
/sfc/npo/5399998262.html,
/sfc/npo/5399978394.html,
/sfc/npo/5399956243.html,
/sfc/npo/5399877839.html,
/sfc/npo/5399836974.html,
/sfc/npo/5399819003.html,
/sfc/npo/5399815936.html,
/sfc/npo/5399813077.html,
/sfc/npo/5399808802.html,
/sfc/npo/5399777083.html,
/sfc/npo/5399769580.html,
